{"cameraMode":{"drawMode":0,"name":"Shaded","section":"Shading Mode"},"sceneLighting":false,"audioPlay":false,"sceneViewState":{"m_AlwaysRefresh":false,"showFog":true,"showSkybox":false,"showFlares":true,"showImageEffects":true,"showParticleSystems":true,"showVisualEffectGraphs":true,"m_FxEnabled":true},"in2DMode":false,"pivot":{"x":1.2899999618530274,"y":0.12000000476837158,"z":7.719999313354492},"rotation":{"x":0.06084005534648895,"y":0.6634910702705383,"z":-0.05424093082547188,"w":0.7438179850578308},"size":1.2247447967529297,"orthographic":false}