{"cameraMode":{"drawMode":0,"name":"Shaded","section":"Shading Mode"},"sceneLighting":true,"audioPlay":false,"sceneViewState":{"m_AlwaysRefresh":false,"showFog":true,"showSkybox":true,"showFlares":true,"showImageEffects":true,"showParticleSystems":true,"showVisualEffectGraphs":true,"m_FxEnabled":true},"in2DMode":false,"pivot":{"x":0.924769937992096,"y":-7.098912239074707,"z":13.667339324951172},"rotation":{"x":-0.2946692407131195,"y":0.009292920120060444,"z":-0.004212419502437115,"w":-0.9556935429573059},"size":13.629048347473145,"orthographic":false}