{"cameraMode":{"drawMode":0,"name":"Shaded","section":"Shading Mode"},"sceneLighting":false,"audioPlay":false,"sceneViewState":{"m_AlwaysRefresh":false,"showFog":true,"showSkybox":false,"showFlares":true,"showImageEffects":true,"showParticleSystems":true,"showVisualEffectGraphs":true,"m_FxEnabled":true},"in2DMode":false,"pivot":{"x":0.22821876406669618,"y":1.1155295372009278,"z":14.217511177062989},"rotation":{"x":0.0024450458586215975,"y":-0.9921428561210632,"z":-0.12357665598392487,"w":-0.024206336587667466},"size":0.8660253882408142,"orthographic":false}